airbus,1088
producers,9373
member,38204
role,36333
demographic,1097
price,84446
officers,19230
seniority,674
attempts,11527
related,36036
gas,41656
crude,9487
revive,2183
politically,4579
poaching,205
against,110750
actions,20428
equipment,52017
frg,363
of,948935
intent,10573
fibers,2025
strikes,5904
disturbances,1588
bank,55590
buyouts,864
failures,4998
retrieval,3646
civil,23359
predictions,5226
official,53347
constitution,9919
motivated,2902
ii,36571
vs,10198
"downstream",37
incursions,197
boundaries,3951
ptl,551
salt,8207
prime,24953
engineering,23219
televangelists,18
military,43105
positions,16719
candidates,11884
atmosphere,8127
presidential,18793
data,127655
from,549720
s,223615
satellite,7044
treaty,7990
reserves,9483
to,882887
greenpeace,456
criminal,13001
fatalities,952
hostage-taking,235
proven,5331
border,13195
weather,12618
(lending),3
energy,58892
opec,2174
for,774777
crunch,1789
installation,14522
on,644304
affair,5215
1988,80017
translation,3617
rail,4467
by,601770
in,860271
information,124314
mci,4177
protect,19246
political,45813
coups,363
health,39853
d'etat,132
oil,42294
corruption,4276
trends,8827
israeli,8409
genetic,2805
launch,11124
national,116447
wake,7095
states,102733
systems,128558
subsidies,4204
the,948170
party,44616
motherhood,234
measures,21601
african,8462
surrogate,516
policy,49225
conflicting,2293
investments,12327
shifts,3861
plant,34944
contracts,18683
u,197356
merit-pay,9
across,40585
rate,67166
trading,52636
original,27833
machine,29518
fine-diameter,2
automation,7472
processing,38755
moves,15845
natural,25165
sanctions,5967
insider,2790
financial,61787
south,48944
hazards,3344
language,27113
platforms,9284
failed,28577
iran-contra,2841
leveraged,4434
