airbus,3487
producers,20133
scandal,10308
pay,103001
member,119217
role,50009
demographic,1458
price,220451
officers,34406
seniority,958
contra,14343
attempts,13962
related,90480
gas,157255
crude,21458
revive,2661
politically,5514
poaching,412
actions,34375
equipment,123819
downstream,9072
frg,992
intent,17199
institutions,30841
fibers,8576
strikes,10683
disturbances,2109
bank,186796
buyouts,1279
failures,7601
retrieval,8108
civil,44388
predictions,6244
official,93231
constitution,16196
taking,58059
motivated,3376
vs,26553
ii,122621
renewable,1665
incursions,233
boundaries,6071
ptl,3228
salt,21712
prime,49402
engineering,52009
televangelists,35
military,97628
positions,28961
candidates,20833
presidential,30488
atmosphere,12422
data,564960
lending,9925
satellite,16912
treaty,19416
alternative,35286
reserves,15794
greenpeace,1177
criminal,22146
fatalities,1706
proven,6208
merit,4970
border,25012
weather,25679
hostage,8935
energy,133334
fine,31391
opec,10654
installation,27091
crunch,2576
affair,7311
translation,7477
rail,14228
information,371644
mci,11906
protect,27560
political,84342
iran,42754
coups,415
health,116867
oil,160824
corruption,6637
trends,13054
israeli,28694
genetic,6338
launch,19955
national,231299
wake,9384
states,99519
systems,438014
subsidies,7471
party,140208
motherhood,368
measures,32918
african,18454
surrogate,1057
policy,100689
conflicting,2780
investments,21659
shifts,5294
diameter,19794
plant,94217
contracts,55602
rate,197913
trading,117317
original,45972
unitedstates,1209640
machine,72815
automation,17722
processing,104035
moves,23565
natural,59439
sanctions,12635
insider,7931
financial,131581
south,118844
etat,195
hazards,11884
language,91418
platforms,16929
failed,37886
leveraged,7394
